Player ID,PlayerName,ELONOWR,ELO,RANK,GuessRate,erigs,Seven8,avg8,LivesTaken,LivesSaved,TotalSongs,WIN,LOSE,TIE,Samples,WINSTREAK,LOSESTREAK,TIESTREAK,PALL,PRECENT,WR,STREAK,FINAL MODIFIER
27,Deafness,126.81,126.81,0.423,0.538,0.006,0.0,0.714,29.0,30.0,156.0,2,4,0,1,2,4,0,6,6,0.0,0.0,0.0
384,Miki_Hoshii,122.97,122.97,0.41,0.665,0.003,1.0,0.543,16.0,17.0,158.0,1,4,1,1,1,4,1,6,6,0.0,0.0,0.0
50,Sniparook,120.58,120.58,0.402,0.579,0.003,0.0,0.61,15.0,21.0,140.0,3,3,0,1,3,3,0,6,6,0.0,0.0,0.0
41,koroshiya,119.27,119.27,0.398,0.578,0.003,0.0,0.598,14.0,24.667,155.333,6,10,2,3,6,10,2,18,18,0.0,0.0,0.0
76,comfv,116.38,116.38,0.388,0.512,0.002,0.0,0.641,14.0,16.0,125.0,3,3,0,1,3,3,0,6,6,0.0,0.0,0.0
20,kar72,112.18,112.18,0.374,0.558,0.003,1.0,0.547,16.0,17.0,147.0,4,2,0,1,4,2,0,6,6,0.0,0.0,0.0
38,Diukes,109.49,109.49,0.365,0.502,0.003,1.333,0.579,16.333,9.333,130.0,14,3,1,3,14,3,1,18,18,0.0,0.0,0.0
52,Thaleko,108.31,108.31,0.361,0.555,0.001,0.0,0.512,11.5,14.5,147.0,9,3,0,2,9,3,0,12,12,0.0,0.0,0.0
83,Milar,102.72,102.72,0.342,0.497,0.001,0.0,0.517,8.667,8.333,148.333,7,8,3,3,7,8,3,18,18,0.0,0.0,0.0
91,Baikinman,102.65,102.65,0.342,0.46,0.002,1.0,0.555,7.5,11.0,118.5,2,10,0,2,2,10,0,12,12,0.0,0.0,0.0
84,Alkios,102.17,102.17,0.341,0.473,0.002,0.0,0.537,8.8,13.4,150.4,14,15,1,5,14,15,1,30,30,0.0,0.0,0.0
103,mrwolf2,98.37,98.37,0.328,0.43,0.001,0.0,0.544,15.0,11.0,158.0,4,1,1,1,4,1,1,6,6,0.0,0.0,0.0
311,beautiful,97.87,97.87,0.326,0.352,0.003,0.0,0.622,7.0,12.0,128.0,3,3,0,1,3,3,0,6,6,0.0,0.0,0.0
44,Nicole,96.2,96.2,0.321,0.442,0.002,0.5,0.509,10.0,5.0,152.0,5,7,0,2,5,7,0,12,12,0.0,0.0,0.0
98,Comete,95.78,95.78,0.319,0.374,0.003,1.0,0.577,9.0,7.0,139.0,1,5,0,1,1,5,0,6,6,0.0,0.0,0.0
8,Hejsan,94.97,94.97,0.317,0.455,0.001,0.333,0.482,10.333,6.667,148.0,12,4,2,3,12,4,2,18,18,0.0,0.0,0.0
307,kaededayo,93.74,93.74,0.312,0.352,0.001,0.0,0.581,9.0,9.0,125.0,3,3,0,1,3,3,0,6,6,0.0,0.0,0.0
274,Mami,93.72,93.72,0.312,0.442,0.001,0.0,0.484,12.0,4.0,147.0,4,2,0,1,4,2,0,6,6,0.0,0.0,0.0
228,Dry,90.39,90.39,0.301,0.345,0.002,1.4,0.553,10.8,7.8,154.6,13,15,2,5,13,15,2,30,30,0.0,0.0,0.0
46,Orfey,90.37,90.37,0.301,0.38,0.001,0.5,0.516,7.0,10.5,157.0,4,6,2,2,4,6,2,12,12,0.0,0.0,0.0
81,Pile,87.11,87.11,0.29,0.298,0.001,1.0,0.571,5.0,5.0,104.0,6,0,0,1,6,0,0,6,6,0.0,0.0,0.0
51,Chata,86.94,86.94,0.29,0.387,0.0,1.0,0.475,3.0,10.0,168.0,4,2,0,1,4,2,0,6,6,0.0,0.0,0.0
221,Neumann,86.44,86.44,0.288,0.392,0.0,2.0,0.464,2.5,9.5,136.5,5,4,1,2,5,4,1,10,10,0.0,0.0,0.0
430,HaruUrara,85.52,85.52,0.285,0.299,0.0,1.0,0.555,7.0,5.0,174.0,3,3,0,1,3,3,0,6,6,0.0,0.0,0.0
327,Flato,81.35,81.35,0.271,0.338,0.001,0.5,0.47,6.0,4.0,143.0,14,8,2,4,14,8,2,24,24,0.0,0.0,0.0
241,yasashiikumo,79.05,79.05,0.263,0.325,0.001,1.0,0.46,5.333,4.333,147.667,5,11,2,3,5,11,2,18,18,0.0,0.0,0.0
106,cafezinho,78.73,78.73,0.262,0.361,0.001,0.5,0.418,2.5,2.5,151.5,3,7,2,2,3,7,2,12,12,0.0,0.0,0.0
336,fiftypercentweeb,77.53,77.53,0.258,0.35,0.0,1.0,0.419,1.0,5.0,163.0,4,2,0,1,4,2,0,6,6,0.0,0.0,0.0
289,Provenance,76.47,76.47,0.255,0.335,0.001,1.0,0.422,4.5,3.5,165.5,5,6,1,2,5,6,1,12,12,0.0,0.0,0.0
250,md22,75.74,75.74,0.252,0.336,0.0,0.0,0.415,4.0,2.0,125.0,1,5,0,1,1,5,0,6,6,0.0,0.0,0.0
403,AnnaYanami,75.73,75.73,0.252,0.248,0.002,0.0,0.509,4.0,3.0,101.0,1,5,0,1,1,5,0,6,6,0.0,0.0,0.0
115,Saiki,74.73,74.73,0.249,0.269,0.001,2.0,0.476,6.4,4.0,148.0,12,15,3,5,12,15,3,30,30,0.0,0.0,0.0
97,chaabdu92,74.7,74.7,0.249,0.295,0.0,1.0,0.449,6.0,5.0,146.0,3,2,1,1,3,2,1,6,6,0.0,0.0,0.0
121,Janoxx,73.67,73.67,0.246,0.245,0.0,0.5,0.491,5.0,2.5,122.0,9,3,0,2,9,3,0,12,12,0.0,0.0,0.0
181,Yolowolf75,73.57,73.57,0.245,0.266,0.001,1.0,0.467,3.0,3.0,139.0,1,5,0,1,1,5,0,6,6,0.0,0.0,0.0
102,MoltenAshes,71.85,71.85,0.24,0.227,0.0,0.0,0.493,1.0,6.0,128.0,3,3,0,1,3,3,0,6,6,0.0,0.0,0.0
175,Kirox,70.94,70.94,0.236,0.26,0.001,0.0,0.447,5.0,2.0,139.0,7,5,0,2,7,5,0,12,12,0.0,0.0,0.0
335,xeyz,70.55,70.55,0.235,0.268,0.0,5.0,0.435,1.0,4.0,168.0,1,4,1,1,1,4,1,6,6,0.0,0.0,0.0
143,mahzrunner,69.96,69.96,0.233,0.219,0.001,0.6,0.481,4.4,2.4,135.0,12,16,0,5,12,16,0,28,28,0.0,0.0,0.0
401,Spartric,69.59,69.59,0.232,0.264,0.001,1.0,0.429,5.0,4.0,125.0,1,5,0,1,1,5,0,6,6,0.0,0.0,0.0
387,ponbot,69.26,69.26,0.231,0.18,0.001,0.0,0.516,4.0,1.0,128.0,3,3,0,1,3,3,0,6,6,0.0,0.0,0.0
348,Heleos,66.9,66.9,0.223,0.303,0.0,1.0,0.36,1.0,4.0,152.0,3,3,0,1,3,3,0,6,6,0.0,0.0,0.0
153,Poppysr,66.42,66.42,0.221,0.29,0.0,4.0,0.368,3.0,4.0,155.0,3,2,1,1,3,2,1,6,6,0.0,0.0,0.0
505,MaikaSasaki,66.25,66.25,0.221,0.163,0.001,0.0,0.503,5.0,4.0,153.0,6,0,0,1,6,0,0,6,6,0.0,0.0,0.0
480,Tugia,65.1,65.1,0.217,0.179,0.0,0.0,0.474,5.0,1.0,156.0,2,4,0,1,2,4,0,6,6,0.0,0.0,0.0
263,Tvaz,64.65,64.65,0.215,0.235,0.0,0.0,0.41,3.0,2.0,132.0,2,4,0,1,2,4,0,6,6,0.0,0.0,0.0
398,kabao,64.15,64.15,0.214,0.252,0.001,1.0,0.386,6.0,1.0,147.0,4,2,0,1,4,2,0,6,6,0.0,0.0,0.0
400,Vr0003,61.57,61.57,0.205,0.137,0.001,0.0,0.483,4.0,3.0,153.0,6,0,0,1,6,0,0,6,6,0.0,0.0,0.0
155,Unborned,55.15,55.15,0.184,0.171,0.0,0.0,0.381,2.0,3.0,140.0,3,3,0,1,3,3,0,6,6,0.0,0.0,0.0
382,Shiku,54.7,54.7,0.182,0.144,0.0,2.0,0.406,1.0,1.0,132.0,2,4,0,1,2,4,0,6,6,0.0,0.0,0.0
343,inta,53.52,53.52,0.178,0.102,0.0,0.0,0.44,1.0,3.0,128.0,3,3,0,1,3,3,0,6,6,0.0,0.0,0.0
416,OkitaNobu,53.27,53.27,0.178,0.198,0.0,5.0,0.333,3.0,0.0,167.0,2,2,2,1,2,2,2,6,6,0.0,0.0,0.0
502,Bewm,52.82,52.82,0.176,0.038,0.0,4.0,0.5,2.0,1.0,156.0,2,4,0,1,2,4,0,6,6,0.0,0.0,0.0
259,Patoche49,51.96,51.96,0.173,0.165,0.001,2.0,0.354,2.0,0.0,139.0,1,5,0,1,1,5,0,6,6,0.0,0.0,0.0
422,MapleSyyrup,47.8,47.8,0.159,0.072,0.0,1.0,0.413,1.0,0.0,125.0,3,3,0,1,3,3,0,6,6,0.0,0.0,0.0
410,FoopyPoopy,38.32,38.32,0.128,0.088,0.0,6.0,0.298,2.0,0.0,136.0,1,5,0,1,1,5,0,6,6,0.0,0.0,0.0
496,lotte_616,36.01,36.01,0.12,0.061,0.0,8.0,0.304,0.0,1.0,131.0,5,1,0,1,5,1,0,6,6,0.0,0.0,0.0
